-- Insert data into carts table
INSERT INTO carts (id, user_id, created_at, updated_at, status)
VALUES
('00000000-0000-0000-0000-000000000001', '11111111-1111-1111-1111-111111111111', '2023-04-10', '2023-04-10', 'active'),
('00000000-0000-0000-0000-000000000002', '11111111-1111-1111-1111-111111111111', '2023-04-09', '2023-04-09', 'inactive'),
('00000000-0000-0000-0000-000000000003', '22222222-2222-2222-2222-222222222222', '2023-04-08', '2023-04-08', 'active'),
('00000000-0000-0000-0000-000000000004', '33333333-3333-3333-3333-333333333333', '2023-04-07', '2023-04-07', 'inactive'),
('00000000-0000-0000-0000-000000000005', '44444444-4444-4444-4444-444444444444', '2023-04-06', '2023-04-06', 'active'),
('00000000-0000-0000-0000-000000000006', '55555555-5555-5555-5555-555555555555', '2023-04-05', '2023-04-05', 'inactive'),
('00000000-0000-0000-0000-000000000007', '66666666-6666-6666-6666-666666666666', '2023-04-04', '2023-04-04', 'active'),
('00000000-0000-0000-0000-000000000008', '77777777-7777-7777-7777-777777777777', '2023-04-03', '2023-04-03', 'inactive'),
('00000000-0000-0000-0000-000000000009', '88888888-8888-8888-8888-888888888888', '2023-04-02', '2023-04-02', 'active'),
('00000000-0000-0000-0000-000000000010', '99999999-9999-9999-9999-999999999999', '2023-04-01', '2023-04-01', 'inactive');


-- Insert data into cart_items table
INSERT INTO cart_items (cart_id, product_id, count)
VALUES
('00000000-0000-0000-0000-000000000001', '00000000-0000-0000-0000-000000000001', 2),
('00000000-0000-0000-0000-000000000002', '00000000-0000-0000-0000-000000000002', 3),
('00000000-0000-0000-0000-000000000004', '00000000-0000-0000-0000-000000000001', 5),
('00000000-0000-0000-0000-000000000005', '00000000-0000-0000-0000-000000000002', 2),
('00000000-0000-0000-0000-000000000005', '00000000-0000-0000-0000-000000000001', 1),
('00000000-0000-0000-0000-000000000006', '00000000-0000-0000-0000-000000000001', 3),
('00000000-0000-0000-0000-000000000007', '00000000-0000-0000-0000-000000000002', 2),
('00000000-0000-0000-0000-000000000008', '00000000-0000-0000-0000-000000000001', 1),
('00000000-0000-0000-0000-000000000009', '00000000-0000-0000-0000-000000000001', 4),
('00000000-0000-0000-0000-000000000010', '00000000-0000-0000-0000-000000000002', 3);


-- Insert data into orders table
INSERT INTO orders (id, user_id, cart_id, payment, delivery, comments, status, total)
VALUES
('00000000-0000-0000-0000-000000000001', '11111111-1111-1111-1111-111111111111', '00000000-0000-0000-0000-000000000001', '{"method": "credit_card", "amount": 59.99}', '{"address": "123 Main St.", "city": "Anytown", "state": "CA", "zip": "12345"}', 'This is a test comment', 'placed', 59.99),
('00000000-0000-0000-0000-000000000002', '22222222-2222-2222-2222-222222222222', '00000000-0000-0000-0000-000000000002', '{"method": "paypal", "amount": 29.99}', '{"address": "456 Elm St.", "city": "Othertown", "state": "CA", "zip": "67890"}', NULL, 'shipped', 29.99),
('00000000-0000-0000-0000-000000000003', '33333333-3333-3333-3333-333333333333', '00000000-0000-0000-0000-000000000003', '{"method": "credit_card", "amount": 99.99}', '{"address": "789 Maple St.", "city": "Another Town", "state": "CA", "zip": "24680"}', NULL, 'delivered', 99.99),
('00000000-0000-0000-0000-000000000005', '22222222-2222-2222-2222-222222222222', '00000000-0000-0000-0000-000000000005', '{"method": "credit_card", "amount": 49.99}', '{"address": "654 Pine St.", "city": "Anyplace", "state": "CA", "zip": "97531"}', NULL, 'shipped', 49.99),
('00000000-0000-0000-0000-000000000006', '33333333-3333-3333-3333-333333333333', '00000000-0000-0000-0000-000000000006', '{"method": "paypal", "amount": 79.99}', '{"address": "987 Cherry St.", "city": "Elsewhere", "state": "CA", "zip": "86420"}', NULL, 'delivered', 79.99),
('00000000-0000-0000-0000-000000000007', '11111111-1111-1111-1111-111111111111', '00000000-0000-0000-0000-000000000007', '{"method": "cash_on_delivery", "amount": 39.99}', '{"address": "246 Grape St.", "city": "Nowhere", "state": "CA", "zip": "01928"}', 'This is a test comment', 'placed', 39.99),
('00000000-0000-0000-0000-000000000008', '22222222-2222-2222-2222-222222222222', '00000000-0000-0000-0000-000000000008', '{"method": "credit_card", "amount": 69.99}', '{"address": "753 Lemon St.", "city": "Somewhere", "state": "CA", "zip": "87324"}', NULL, 'shipped', 69.99),
('00000000-0000-0000-0000-000000000009', '33333333-3333-3333-3333-333333333333', '00000000-0000-0000-0000-000000000009', '{"method": "paypal", "amount": 89.99}', '{"address": "135 Lime St.", "city": "Anywhere", "state": "CA", "zip": "45678"}', NULL, 'delivered', 89.99),
('00000000-0000-0000-0000-000000000010', '11111111-1111-1111-1111-111111111111', '00000000-0000-0000-0000-000000000010', '{"method": "credit_card", "amount": 29.99}', '{"address": "864 Orange St.", "city": "Nowhere", "state": "CA", "zip": "12345"}', NULL, 'placed', 29.99);







